participante,ImageName,score,saliency_coverage,stationary_entropy,gaze_points_count
1,3,7.0,14.992708333333333,17.0772570434036,414
1,4,7.0,9.359166666666667,16.860704089827188,450
1,5,4.0,14.705208333333333,16.797633803775664,434
1,7,4.0,6.015416666666667,16.461936460921027,450
1,8,4.0,5.395833333333333,16.64851195122466,804
1,9,3.0,8.046666666666667,17.005453533517436,900
1,30,6.0,3.720208333333333,16.313441909367345,826
1,32,5.0,10.407291666666667,16.851771970674683,899
1,33,5.0,2.4714583333333335,15.839391870295032,885
1,36,6.0,11.493125,16.760670372497803,900
1,39,7.0,3.392916666666667,16.31894613084472,900
1,41,3.0,12.370000000000001,16.804858228226106,901
1,43,4.0,6.948958333333333,16.64457614174323,860
1,47,4.0,15.176666666666666,17.247541597573047,875
1,48,3.0,5.915416666666666,16.83661964927446,901
1,50,7.0,11.113541666666666,17.03237766534319,857
1,51,3.0,1.46875,16.091870411672698,881
1,56,3.0,2.359583333333333,15.954779831452418,855
1,57,1.0,9.768749999999999,16.420367732477764,899
1,58,4.0,9.5725,17.33410744719456,900
1,63,2.0,4.382291666666667,16.594917530634294,900
1,66,6.0,6.448125,16.467081109461304,901
1,70,5.0,12.140416666666667,16.91659490400823,901
1,74,3.0,8.946666666666667,16.578182661503796,900
1,76,5.0,2.520625,16.271450248847632,840
1,80,4.0,14.9075,16.88523864953077,900
1,81,7.0,5.2941666666666665,16.04264015090534,900
1,84,4.0,3.411458333333333,16.01322876365412,899
1,85,6.0,6.567708333333333,16.804325873829118,900
1,86,4.0,8.307916666666666,16.25646121366307,900
1,88,4.0,3.625625,16.408382454582775,891
1,92,5.0,8.233333333333333,16.521579982201388,900
1,93,3.0,16.410625,17.222292824525567,900
1,101,4.0,9.418333333333333,16.74824993670005,897
1,103,4.0,5.049791666666667,16.646572662675304,900
1,104,6.0,5.60875,16.60681138142375,875
1,107,5.0,6.576666666666667,16.151062306023896,900
1,110,6.0,14.524583333333332,17.053025446115186,869
1,114,3.0,9.845208333333332,16.89878526355813,894
1,122,4.0,1.0447916666666666,15.733818006812392,901
1,124,5.0,6.195833333333333,16.180471767765106,900
1,128,3.0,7.209583333333333,16.678132536674646,878
1,129,7.0,6.925416666666667,16.880782316454603,901
1,134,5.0,1.0835416666666666,15.475260323059661,900
1,137,3.0,1.6268749999999998,16.146537885646556,831
1,138,5.0,9.846666666666666,16.57802879400288,901
1,142,4.0,7.8254166666666665,16.761292847333227,899
1,143,4.0,2.185416666666667,16.31505886161881,900
1,144,7.0,9.408125,16.58538064412007,901
1,146,5.0,6.676666666666667,16.467846726994882,900
2,0,4.0,4.946666666666666,16.477613829100875,435
2,2,7.0,11.747291666666666,16.952554780176445,440
2,7,5.0,4.750416666666666,16.679553995602788,431
2,10,3.0,10.723125,16.656937320808776,450
2,11,7.0,11.660833333333333,16.75081730882925,424
2,15,9.0,9.969166666666666,16.491540067697866,418
2,20,4.0,10.074791666666668,16.443646205475595,399
2,21,2.0,7.792291666666666,16.195668872951675,417
2,22,8.0,11.505208333333334,16.841049630220116,446
2,23,9.0,9.338333333333333,16.837758257666017,398
2,24,7.0,12.735625,17.07114241612649,437
2,26,2.0,8.471874999999999,16.675672071924172,450
2,29,6.0,9.504375,16.826548781733983,349
2,30,8.0,10.095416666666667,17.007610190438402,357
2,33,4.0,11.348958333333334,16.983171347447172,404
2,34,4.0,10.149166666666666,16.944302448978767,426
2,35,7.0,12.874583333333334,16.8584348289543,438
2,36,7.0,9.927291666666667,16.56150605782344,451
2,38,2.0,9.84125,16.52057938732061,297
2,39,9.0,2.6820833333333334,16.718016341994065,408
2,40,4.0,8.79875,16.271473157848956,416
2,52,8.0,11.980208333333334,16.86469855882046,326
2,61,9.0,8.975416666666666,16.516884931152735,441
2,67,6.0,8.201666666666666,16.831176353207074,442
2,69,3.0,8.407499999999999,16.59223933292022,441
2,72,7.0,6.705,16.441044671402892,451
2,77,3.0,1.6508333333333334,16.487479606084143,451
2,86,5.0,6.253125,16.388005695433748,451
2,87,8.0,7.395625,16.69907246357062,429
2,89,7.0,13.040625,17.147974770099893,389
2,90,7.0,10.875,16.73499435018843,430
2,91,8.0,6.355416666666666,16.450795544419766,421
2,93,4.0,11.789583333333335,16.991787209384764,450
2,97,2.0,12.339791666666667,16.71430121357797,440
2,99,4.0,10.290416666666667,16.622648286480903,441
2,100,2.0,6.973541666666666,16.63148040314368,440
2,102,7.0,7.390833333333334,16.56338827392866,450
2,103,5.0,12.324791666666666,16.817130854613353,441
2,108,4.0,9.317083333333333,16.50868510546963,450
2,110,7.0,4.50125,16.383540605869822,450
2,111,2.0,8.304583333333333,16.761631725750284,386
2,117,6.0,6.384791666666667,16.530478269802185,439
2,118,6.0,6.671666666666666,15.965998888275134,430
2,124,8.0,12.626666666666667,16.673588448844665,385
2,127,6.0,7.963333333333333,16.24373054100805,434
2,130,6.0,5.737291666666667,16.13031959271258,450
2,132,6.0,2.9622916666666663,16.175263948985567,444
2,138,5.0,8.646458333333333,16.382670783757057,451
2,145,4.0,7.881875000000001,16.699333162058945,441
2,147,4.0,10.995833333333334,16.632626280280807,451
3,5,4.0,5.528124999999999,16.704035502915918,413
3,7,7.0,4.76125,16.35727700071347,451
3,12,3.0,4.174791666666667,16.28635905989149,449
3,13,4.0,8.517916666666666,16.67978860335813,451
3,14,5.0,10.417916666666667,17.079538035477768,435
3,17,6.0,14.109166666666667,17.218880209383197,450
3,26,4.0,16.080625,17.296095945525686,450
3,28,5.0,8.860624999999999,16.546816808496054,451
3,29,5.0,5.098541666666667,16.553076100813854,450
3,31,7.0,6.746666666666666,16.57396117829019,444
3,34,7.0,6.230625,16.657339270725238,430
3,35,7.0,12.837499999999999,16.91724375881686,450
3,38,5.0,10.974583333333333,16.796869805230468,451
3,40,4.0,9.127291666666666,16.691793881507756,450
3,43,4.0,14.521666666666667,17.071069934234995,438
3,45,6.0,9.257708333333333,16.824666469271357,423
3,54,4.0,9.813541666666667,16.743386241107046,450
3,58,6.0,13.933124999999999,17.00101347284639,413
3,60,3.0,16.988958333333333,17.08573490503,446
3,61,9.0,8.351666666666667,16.426544440852187,451
3,73,6.0,7.778333333333333,16.86812186858861,451
3,75,4.0,3.7435416666666663,16.782434082739506,450
3,76,4.0,5.076041666666667,16.47342721819739,450
3,81,6.0,6.421041666666667,16.616045628080432,445
3,84,5.0,12.23,17.076313552972973,423
3,85,5.0,5.726041666666667,16.638088217338645,450
3,91,5.0,11.380625,16.894010483939443,431
3,92,5.0,5.549791666666667,16.200376271591207,411
3,94,6.0,13.4375,17.16299477477364,451
3,95,6.0,7.188541666666666,16.63890348357073,722
3,96,4.0,10.099374999999998,16.460370046855445,468
3,99,5.0,6.428125,16.58407793500667,435
3,103,5.0,7.716666666666666,16.670418135730884,412
3,104,7.0,9.061041666666666,16.820038008825286,417
3,105,6.0,10.2675,16.82868060378061,451
3,109,3.0,13.787916666666666,17.094968397077526,444
3,110,4.0,9.187083333333334,16.804219607414883,450
3,111,3.0,1.5935416666666666,16.560009080528417,434
3,113,4.0,8.865833333333335,16.486502413946663,434
3,116,5.0,5.119375000000001,16.467135497758616,432
3,120,7.0,7.833125000000001,16.539333166988957,429
3,122,3.0,9.349791666666667,16.785392291512405,430
3,129,8.0,6.957708333333333,16.53042593144392,450
3,132,3.0,6.810833333333334,16.81669443347372,427
3,133,3.0,12.170416666666666,17.107767907212516,406
3,135,6.0,6.191666666666666,16.524801793166095,376
3,136,4.0,9.175833333333333,16.5069154961329,434
3,141,3.0,3.830416666666667,16.306789123166705,447
3,147,3.0,15.825624999999999,17.2364821819092,451
3,148,7.0,12.129791666666668,16.884607709012442,419
4,2,5.0,15.299999999999999,17.27306947780626,900
4,9,3.0,17.308125,17.498525604985954,883
4,11,6.0,10.497916666666667,17.034346262016804,777
4,12,3.0,19.21666666666667,17.518217500866527,894
4,15,5.0,17.244999999999997,17.28383884246791,900
4,19,4.0,11.4625,17.209852060135564,868
4,23,6.0,11.662291666666667,17.112131765465936,890
4,25,4.0,14.317291666666668,17.046583465085245,901
4,26,3.0,11.037916666666666,16.889007907839037,862
4,28,5.0,8.886041666666667,16.617380998477895,854
4,35,5.0,19.708958333333335,17.490670102078525,858
4,37,5.0,17.93541666666667,17.279850139594796,899
4,39,6.0,10.243125000000001,17.067737237345543,900
4,43,4.0,19.992083333333333,17.404259287893662,900
4,44,6.0,10.802916666666667,17.376587784959877,857
4,47,6.0,21.101666666666667,17.66773836212854,899
4,48,4.0,10.109375,16.80090872342318,846
4,49,4.0,23.583333333333336,17.572931782828967,900
4,52,6.0,13.353333333333333,17.200099216705812,856
4,53,4.0,11.240208333333333,16.831105955855524,900
4,55,5.0,11.826458333333335,17.04881890769732,889
4,61,6.0,16.822083333333335,17.30045824591449,810
4,62,6.0,11.457291666666666,16.845502888577972,883
4,64,5.0,17.671041666666667,17.457004659054867,896
4,67,5.0,14.937916666666668,17.3987901855421,873
4,69,4.0,4.0597916666666665,16.682607847687265,899
4,79,3.0,15.972916666666666,17.195577226757543,833
4,80,4.0,10.777916666666666,17.353418480216813,770
4,83,5.0,15.906458333333335,17.35185103850673,822
4,84,5.0,15.6375,17.394921405466178,901
4,85,6.0,16.597916666666666,17.21843204574161,900
4,93,5.0,19.658541666666668,17.544006664055996,784
4,95,5.0,18.827291666666667,17.52743240337153,838
4,104,4.0,12.457708333333334,17.267114575284843,873
4,105,5.0,22.547291666666666,17.64812362288034,900
4,109,3.0,13.224791666666667,17.411726054642013,901
4,113,5.0,17.250833333333336,17.410434799327415,900
4,115,6.0,13.580833333333334,17.59172331251791,892
4,119,7.0,18.2825,17.54454856153784,895
4,120,6.0,9.235625,17.11794156120555,901
4,124,6.0,8.6525,16.793997203958494,860
4,126,4.0,7.96375,17.171570848433497,824
4,127,6.0,19.346875,17.363686746879946,900
4,129,7.0,14.138125000000002,16.981374615615678,899
4,130,4.0,16.424166666666668,17.177210962695185,882
4,131,5.0,10.087916666666667,17.267842267276187,901
4,137,5.0,3.660833333333333,17.15804344292132,803
4,140,5.0,14.266666666666666,17.469040080957168,898
4,144,5.0,15.155416666666666,17.277651270797396,890
4,146,5.0,2.279375,17.15326907955658,865
5,1,4.0,8.890625,16.635409919969796,446
5,4,5.0,9.596666666666668,16.743338609982114,433
5,5,5.0,6.96375,16.82725227847814,450
5,9,4.0,11.096666666666668,16.689589673345452,437
5,14,4.0,9.6525,16.539322105923688,428
5,16,3.0,13.965833333333332,17.021861594201397,451
5,20,3.0,4.414375000000001,16.20434002383478,443
5,21,6.0,4.606458333333333,16.677170199071288,420
5,27,4.0,13.673541666666667,16.929305666034146,451
5,30,8.0,12.111458333333333,17.119296623897405,433
5,32,4.0,7.115416666666667,16.544404599605194,450
5,36,3.0,8.13125,16.674853003829437,439
5,37,9.0,15.032291666666667,17.03948997242548,430
5,38,1.0,10.3875,16.873204320903167,451
5,39,8.0,9.389375,16.737714052739193,449
5,42,3.0,13.351041666666665,16.782741086428647,451
5,51,6.0,5.0216666666666665,16.77903648534633,451
5,53,4.0,13.917291666666667,16.92231981217248,450
5,56,7.0,9.796249999999999,16.82223325732916,451
5,61,8.0,5.133541666666667,16.72563573543931,450
5,63,4.0,10.743333333333334,16.977709769037556,399
5,64,4.0,10.762708333333332,16.596918333062078,450
5,69,3.0,2.245,16.897738916896436,430
5,71,5.0,9.63875,16.630661114463354,450
5,72,4.0,9.509583333333333,16.729872926869024,451
5,74,2.0,5.581458333333334,16.820423510254923,430
5,78,3.0,2.4314583333333335,15.806363816858997,450
5,79,4.0,6.554791666666667,16.369947412604862,445
5,81,7.0,11.4725,16.957831949580143,451
5,82,4.0,12.715000000000002,17.125879936558658,451
5,86,3.0,1.6433333333333335,16.261313687501048,451
5,87,3.0,8.864791666666667,16.384735554922806,450
5,88,6.0,4.664375,15.96725725826562,451
5,93,4.0,13.484375000000002,16.7764926290995,450
5,96,5.0,7.812916666666666,16.70018075936508,442
5,98,8.0,5.579583333333334,15.943536240220254,451
5,99,5.0,12.090833333333334,17.12547967055143,451
5,103,4.0,10.400208333333333,16.716649624332373,450
5,110,6.0,14.117083333333333,16.755138676291867,450
5,114,2.0,13.191041666666667,16.95519840401244,450
5,119,8.0,9.796249999999999,17.017969203191058,437
5,123,7.0,8.823125,17.094584181773286,425
5,125,5.0,9.137291666666666,16.410423886072454,418
5,129,7.0,10.426666666666666,16.62661108545428,441
5,140,5.0,11.154166666666667,17.08075306067406,446
5,144,4.0,8.448958333333334,16.422558645248866,451
5,146,6.0,4.969166666666667,16.234430567402587,451
5,147,3.0,2.327916666666667,16.116186686960287,450
5,148,9.0,9.253958333333333,16.90206138732318,450
5,149,4.0,5.465625,16.382287344401195,451
6,1,4.0,6.404999999999999,16.336556136902495,433
6,3,7.0,7.304166666666667,16.59281926648272,450
6,4,7.0,7.26875,16.399527886479916,451
6,5,8.0,2.495,16.06207723156314,451
6,6,3.0,2.7331250000000002,16.20963872562253,450
6,10,4.0,5.6222916666666665,15.721730593449884,450
6,12,5.0,4.199583333333334,15.900982264113681,450
6,13,6.0,2.4452083333333334,15.819943087963017,451
6,15,6.0,2.3077083333333337,15.664229646504554,450
6,16,3.0,4.490833333333334,15.801039567234177,450
6,17,5.0,2.904166666666667,16.233392649032723,428
6,21,5.0,2.5179166666666664,15.462905113407054,451
6,25,3.0,2.0533333333333332,15.406674238514585,435
6,31,6.0,3.65625,15.684097727076443,871
6,37,5.0,7.707708333333334,16.819706501868307,897
6,39,8.0,3.906041666666667,16.1021708818018,898
6,41,4.0,4.204166666666667,15.88047149976919,894
6,46,5.0,5.430416666666667,16.155380535021536,897
6,48,8.0,4.109791666666666,15.983985341480194,879
6,53,5.0,13.882916666666667,16.857869662423536,898
6,63,4.0,8.231666666666666,16.160092417420007,900
6,66,9.0,5.9279166666666665,16.174689224699254,855
6,68,2.0,6.47125,16.021475481286725,901
6,70,1.0,4.400625,16.05555106041291,900
6,72,6.0,4.190833333333333,15.76159860289222,870
6,75,3.0,10.784166666666668,16.592508475914993,899
6,76,5.0,17.77875,17.44323034131905,865
6,77,3.0,6.663125,16.745245644150174,896
6,83,6.0,9.1425,16.692442323370777,871
6,85,7.0,5.155208333333333,16.22515459927732,900
6,86,3.0,6.731458333333333,16.10183873289863,896
6,87,4.0,3.294791666666667,16.855574699383276,899
6,88,5.0,3.9170833333333337,15.96003213173253,897
6,89,5.0,5.441666666666666,16.46906977665397,898
6,91,8.0,5.449791666666667,16.61771087186061,900
6,96,4.0,4.135,16.087466360814773,897
6,98,7.0,1.8764583333333333,14.91103371687454,899
6,101,4.0,4.951666666666667,15.707285642364024,899
6,106,6.0,11.852500000000001,16.80190272937264,899
6,121,5.0,7.9025,16.012905650456077,899
6,123,5.0,6.392708333333333,16.20477334161629,857
6,125,5.0,1.7220833333333334,14.967047392501213,901
6,127,6.0,3.03625,15.252508025409927,878
6,128,2.0,5.274791666666666,15.83219532938602,898
6,135,7.0,5.237916666666666,16.60343746341743,900
6,137,5.0,7.334375,16.115643354184506,899
6,141,4.0,3.9725,15.962183610222608,898
6,142,3.0,9.443125,16.175898354160402,897
6,144,5.0,2.3247916666666666,15.762588929428706,898
6,147,4.0,4.551041666666666,15.94228088126182,862
7,2,5.0,8.830833333333334,16.8385198613683,434
7,3,8.0,2.56625,15.962399509879798,451
7,4,7.0,4.265208333333334,16.05275527054493,450
7,5,3.0,7.448541666666666,16.4209494703617,450
7,6,3.0,5.686875000000001,16.474496496743672,450
7,7,3.0,5.921875,15.87551518235861,451
7,8,8.0,12.15125,16.622310465571072,451
7,9,2.0,5.8722916666666665,16.506388547383985,451
7,10,5.0,6.314166666666667,15.649884466512493,450
7,12,5.0,5.476875,15.761067134676608,450
7,21,4.0,5.079791666666667,15.963225375112144,450
7,26,4.0,7.628333333333333,16.196780406987354,442
7,27,8.0,3.998541666666667,15.896991520900963,451
7,28,7.0,6.281875,16.47977905343225,451
7,32,6.0,11.241041666666666,16.664122292678446,450
7,47,5.0,5.211041666666667,16.094763812621597,450
7,50,8.0,1.7425,16.0014562721904,442
7,54,3.0,6.825208333333334,16.0364780211019,450
7,56,5.0,7.062916666666667,16.42119047971483,451
7,57,2.0,4.817916666666667,16.32435278076942,450
7,60,5.0,7.4675,16.22612959866114,450
7,61,8.0,6.115833333333334,15.86742748140379,451
7,66,7.0,6.41375,16.225164578092773,448
7,72,5.0,6.191666666666666,15.8903407859283,449
7,77,2.0,4.186249999999999,16.015939655879855,450
7,78,2.0,7.779375,16.210678285677965,450
7,79,1.0,4.656875,15.664194031401612,451
7,81,8.0,9.245000000000001,16.703549155447984,451
7,82,3.0,7.922083333333334,16.28753082547491,450
7,83,5.0,3.5547916666666666,16.190373622764593,450
7,84,5.0,6.297083333333334,16.2449302170542,451
7,89,4.0,8.2025,16.57706975456238,415
7,96,3.0,8.430625,16.338010691125294,450
7,99,7.0,11.394166666666667,16.725670584769198,451
7,100,3.0,4.553541666666667,16.030822550171433,451
7,106,7.0,7.080208333333333,16.301426044121445,451
7,111,4.0,8.643333333333333,16.193932381198405,450
7,112,6.0,7.727708333333333,16.4150133386312,451
7,116,4.0,3.217916666666667,15.757937822772597,451
7,119,7.0,8.58125,16.27167658354399,451
7,121,4.0,4.612291666666667,15.686645349425593,450
7,125,5.0,6.821249999999999,16.079104089819396,450
7,128,3.0,8.212083333333334,15.995753603491018,450
7,129,8.0,2.9683333333333333,15.805502089448245,352
7,130,4.0,5.9799999999999995,15.814752602096563,451
7,138,6.0,5.475208333333334,15.880065214232522,450
7,139,3.0,8.527291666666667,16.259839437396227,450
7,141,2.0,6.70625,16.51768481377008,451
7,145,6.0,10.367708333333333,17.05572556266586,451
7,148,7.0,7.825625,16.049642205558534,450
8,2,7.0,8.457291666666666,16.467529713198303,451
8,6,4.0,11.106666666666666,16.575507630496176,451
8,16,1.0,7.655625000000001,16.247177568651434,451
8,19,8.0,8.6875,16.538679769928688,450
8,23,5.0,8.500416666666668,16.255815328195474,450
8,28,8.0,7.368125,16.291835484161336,450
8,32,8.0,11.408333333333333,16.717020311254018,451
8,37,5.0,15.027291666666667,17.028186524187912,451
8,38,2.0,12.24,16.957277056500505,448
8,41,2.0,6.759791666666666,16.62082595811742,451
8,42,8.0,7.2768749999999995,16.225604447292394,450
8,46,7.0,5.713958333333333,16.57493047079864,451
8,47,8.0,11.331458333333334,16.773416156769276,450
8,51,4.0,7.2749999999999995,16.310595284227116,450
8,56,3.0,7.892083333333333,16.59165130113369,451
8,65,1.0,2.5035416666666666,16.308332313931366,451
8,67,4.0,4.6691666666666665,16.190465401532588,450
8,68,1.0,7.956874999999999,16.25019948626762,451
8,69,3.0,10.4,16.47002123210451,451
8,70,1.0,9.096458333333333,16.612469548399545,450
8,71,3.0,5.090208333333333,15.71661202408565,435
8,72,7.0,6.824583333333334,16.203033190672162,451
8,77,1.0,1.484375,16.01314468618726,451
8,78,2.0,4.994583333333334,15.506677733252285,451
8,84,2.0,7.142083333333334,16.477109437760145,427
8,85,2.0,2.4941666666666666,16.149924911163136,451
8,86,3.0,9.642916666666666,16.238303976696628,450
8,87,4.0,11.663541666666667,16.680069536639714,450
8,90,9.0,10.216875,17.103987885889236,450
8,96,1.0,1.8358333333333334,15.206667569766115,451
8,97,2.0,9.5875,16.570166045385847,451
8,101,4.0,5.298541666666667,16.09849054720469,451
8,102,6.0,8.822291666666667,16.61964112284471,450
8,109,1.0,9.577708333333334,17.040778016943584,451
8,110,4.0,9.231666666666667,16.252147113887972,451
8,114,2.0,7.760833333333333,16.635525102745586,451
8,117,1.0,3.277708333333333,16.534255933842285,440
8,118,6.0,11.792083333333334,16.63357920812226,451
8,120,6.0,5.02125,15.840370970231072,451
8,123,7.0,8.463750000000001,17.05961928109377,429
8,124,7.0,10.068541666666667,16.77248189625988,443
8,128,3.0,5.7006250000000005,16.271634999093795,444
8,131,5.0,12.643125,17.151216696250604,451
8,132,6.0,8.465208333333333,16.421215213075477,451
8,137,3.0,1.401875,15.868785944815754,450
8,139,3.0,3.47125,16.172269048010065,451
8,140,6.0,6.581041666666667,16.4949509905032,451
8,147,5.0,9.960833333333333,16.698995509924362,451
8,148,8.0,6.925625,16.26770771940954,450
8,149,5.0,7.936458333333333,16.360891371484726,440
9,0,4.0,3.61875,16.10970261523936,443
9,1,4.0,3.0258333333333334,15.315213121657202,427
9,5,4.0,11.525625,16.934070946938935,450
9,8,5.0,13.530000000000001,16.711597048645714,451
9,13,5.0,2.180625,16.04224204951283,450
9,17,4.0,5.685208333333333,16.810172419780923,387
9,18,4.0,2.6302083333333335,16.107944849584047,450
9,20,5.0,4.16,15.711772480759764,451
9,21,5.0,9.223541666666666,16.31547909151641,450
9,22,4.0,10.096458333333333,16.313337767386884,451
9,30,4.0,9.186666666666667,16.46467274365327,451
9,45,6.0,8.195,16.63731057313116,451
9,47,5.0,6.598333333333334,16.547114722583288,451
9,51,4.0,7.300416666666666,16.087301185981136,451
9,55,5.0,3.978541666666666,15.72128387549452,450
9,58,4.0,14.995416666666667,17.34290734476932,451
9,62,5.0,9.66625,16.599127094364633,451
9,63,6.0,8.312708333333333,16.75769310206575,445
9,64,4.0,6.295416666666667,16.503866086989092,451
9,65,4.0,4.092083333333333,16.014055402767056,451
9,69,4.0,3.8,15.879331164275797,450
9,71,4.0,2.8679166666666664,16.110226699014266,451
9,73,4.0,12.31125,16.783245214219534,451
9,74,4.0,4.898750000000001,16.329076144195206,450
9,75,4.0,14.080625,16.6969610531327,450
9,78,3.0,9.3425,16.43633903445573,451
9,81,3.0,1.7624999999999997,16.267277622153156,451
9,84,6.0,6.573541666666667,16.447576119426536,438
9,87,4.0,6.43,16.378689069437044,450
9,90,5.0,11.575625,17.103405551943453,450
9,92,6.0,4.658541666666666,16.831083251585735,450
9,97,4.0,9.770624999999999,16.247526268845384,439
9,102,4.0,5.074583333333333,16.40101108599781,450
9,104,4.0,11.845208333333334,16.780705254679553,451
9,106,5.0,10.720833333333333,16.56015688501918,450
9,108,5.0,4.448958333333334,15.554299161295969,450
9,109,4.0,12.166041666666667,17.066081378475534,450
9,112,3.0,8.734166666666667,16.48590335032811,440
9,113,4.0,6.039583333333334,16.322583288613497,451
9,115,5.0,2.6914583333333333,15.99765906492285,450
9,116,5.0,8.400833333333333,16.27686017447461,451
9,125,3.0,3.7331250000000002,16.529011740956797,450
9,126,4.0,6.632499999999999,16.119748317775493,451
9,134,3.0,5.602083333333333,16.214352302124098,451
9,135,5.0,2.1191666666666666,15.494157530535652,450
9,136,4.0,4.621041666666667,16.047913876139855,451
9,140,4.0,7.091458333333334,16.426685562768803,450
9,144,5.0,5.25875,16.26904991846664,451
9,145,4.0,13.267708333333333,16.983549693955922,450
9,149,4.0,2.6329166666666666,15.62339326676384,447
10,0,5.0,10.57375,17.178266897777746,447
10,5,3.0,6.399583333333333,16.608393799413044,451
10,10,4.0,12.088541666666666,16.70344534486973,450
10,14,9.0,9.153958333333332,16.778835135448002,442
10,15,7.0,10.434791666666667,16.912417830707238,451
10,19,5.0,9.009583333333333,16.62256499006341,450
10,24,6.0,7.828749999999999,16.98474537795747,450
10,26,7.0,7.0564583333333335,16.722694347342863,415
10,33,4.0,11.417708333333334,16.94126380930078,446
10,34,4.0,9.128124999999999,16.758308896237537,450
10,35,7.0,9.352083333333333,16.81918141582629,450
10,37,9.0,14.877916666666666,17.072451022253322,451
10,41,9.0,5.541458333333334,16.7246327995797,451
10,42,3.0,10.89125,16.776768936650228,451
10,49,5.0,4.523125,16.76393500262495,444
10,50,6.0,8.99375,16.69141744020954,451
10,55,4.0,9.604791666666666,16.322385869202396,451
10,60,2.0,8.145416666666666,16.722219429678024,451
10,61,5.0,7.501458333333333,16.62030054858816,450
10,68,2.0,7.995208333333332,16.613064366262723,438
10,70,3.0,8.1125,16.50794092325272,450
10,71,2.0,1.915625,16.75102898804604,438
10,75,1.0,6.8654166666666665,16.563499678631498,450
10,79,4.0,9.366041666666666,16.262367295249124,450
10,83,7.0,15.845,17.492807126504385,451
10,84,3.0,9.184791666666667,16.273943414498735,451
10,85,7.0,4.426875,16.9284283024381,451
10,99,5.0,9.511666666666667,17.087548869023596,451
10,100,2.0,4.730833333333333,16.49713952247413,438
10,101,2.0,8.894583333333333,16.889917805557417,431
10,102,4.0,7.395833333333333,16.760297466249035,436
10,105,6.0,9.802916666666667,16.840566458841714,451
10,107,7.0,11.270833333333332,16.64361764972634,444
10,108,4.0,10.220625,16.605555242595074,450
10,109,3.0,10.633958333333334,16.730154659388514,426
10,112,3.0,11.7075,16.88395662695342,423
10,114,3.0,11.166458333333333,16.749691132973762,450
10,115,7.0,13.412916666666666,17.018889130141023,450
10,116,8.0,7.703125,16.867950076196934,450
10,117,4.0,10.594166666666666,16.501756464888825,446
10,118,2.0,11.837708333333333,16.667146012327112,450
10,122,3.0,4.3225,16.009697007141636,439
10,124,3.0,1.6783333333333335,16.407059684533664,450
10,128,2.0,3.214583333333333,16.057851821692662,451
10,130,2.0,8.029166666666667,16.13682323274093,450
10,131,4.0,14.627708333333334,17.379725786268036,450
10,139,5.0,8.506874999999999,16.981493731763976,450
10,142,2.0,9.220625,16.830958889422423,451
10,143,6.0,6.793333333333333,16.857182465907176,451
10,145,8.0,2.8208333333333333,16.93426162192581,437
11,6,4.0,12.968541666666667,17.13557431260582,430
11,7,4.0,5.975,16.378977759167753,435
11,8,5.0,11.517291666666667,16.94076540950367,435
11,10,5.0,8.247291666666667,16.505010980077518,414
11,11,6.0,10.05,16.490170004393395,436
11,13,6.0,12.502916666666666,16.77452586614182,450
11,15,5.0,14.171875,17.011404940970387,441
11,17,7.0,7.127083333333334,16.501232702349377,451
11,18,7.0,14.627916666666666,17.129039908555566,437
11,25,3.0,13.367291666666667,16.705267558908584,432
11,27,8.0,12.651666666666667,16.756462306600586,416
11,29,5.0,8.060208333333334,16.353954051029636,450
11,33,5.0,13.915208333333334,16.92742508887787,438
11,35,7.0,8.030208333333333,16.57048484851683,450
11,41,4.0,6.649166666666667,16.42670132446424,436
11,42,6.0,7.016666666666667,16.184850831856828,450
11,43,5.0,7.732708333333334,16.392008321070566,442
11,46,5.0,9.018125000000001,16.581601021004097,444
11,48,4.0,4.302083333333333,15.815135521869463,451
11,52,9.0,7.988125,16.384156883692498,450
11,54,3.0,6.816666666666666,16.129225374576045,427
11,55,3.0,7.889583333333333,16.279501913015878,450
11,56,5.0,15.731458333333334,16.911597180113763,451
11,59,7.0,6.733124999999999,16.25238728186954,436
11,65,4.0,6.12625,16.11149065329442,450
11,73,6.0,11.091875,16.854876051929867,451
11,75,4.0,12.29125,17.157937950295658,450
11,84,4.0,13.095625,16.864294194272468,443
11,85,6.0,9.01875,16.60767213006717,435
11,86,4.0,5.482708333333333,16.395790203140997,450
11,92,9.0,8.370208333333332,16.680292442283935,421
11,94,6.0,4.064166666666667,16.717733478397673,413
11,95,6.0,13.271875,16.935889974805473,407
11,99,5.0,1.3724999999999998,16.32084337437352,450
11,104,7.0,14.741041666666666,17.12395425491747,437
11,109,2.0,9.609375,16.81623777571155,357
11,113,9.0,11.312916666666666,16.75203681988989,450
11,114,3.0,10.730416666666667,16.681212380869496,450
11,120,9.0,8.63125,16.96767202729469,451
11,121,4.0,5.913125,16.046696794633228,451
11,123,6.0,8.517916666666666,16.6280168317253,436
11,126,3.0,12.540000000000001,16.815778300001167,450
11,127,5.0,7.6,16.535244572952422,450
11,128,2.0,7.436041666666666,16.35032691726347,451
11,130,4.0,7.317083333333334,16.122773716720378,447
11,136,4.0,8.3825,16.389620784861762,439
11,141,3.0,9.517291666666667,16.537645608079977,450
11,143,4.0,6.67125,16.409558569776543,451
11,145,7.0,9.498541666666666,16.98486923720917,450
11,149,4.0,14.920208333333335,17.137939596452057,451
12,8,4.0,10.775625,16.712859880785555,421
12,11,6.0,10.151041666666668,16.65545772893741,451
12,13,5.0,6.507291666666666,16.441037078275286,450
12,15,7.0,7.402083333333333,16.595348589344706,447
12,17,7.0,11.55625,17.018466358996776,434
12,23,5.0,8.612708333333334,16.504084322723852,450
12,24,4.0,9.874375,16.64631920312191,451
12,25,3.0,7.119791666666667,16.589499810661895,447
12,27,4.0,9.453333333333333,16.935434823455633,434
12,31,7.0,11.243125,16.652432625347398,450
12,33,7.0,8.387291666666668,16.626460606101844,439
12,37,6.0,3.1081250000000002,16.10450770663668,436
12,38,5.0,7.285416666666666,16.331854577606,451
12,45,7.0,8.883541666666666,16.63466079222207,435
12,46,7.0,12.434375000000001,16.76802428174195,430
12,49,8.0,2.7914583333333334,16.135309511732142,450
12,51,7.0,6.503958333333333,16.127832544570534,450
12,52,8.0,10.867291666666667,16.528203348142384,450
12,60,5.0,12.076458333333333,16.68646558545005,450
12,62,8.0,3.369791666666667,16.646151048083343,450
12,63,4.0,7.571041666666667,16.50864960771014,451
12,68,6.0,8.20125,16.512805314577562,450
12,69,4.0,5.757708333333333,16.429202496469212,451
12,73,7.0,11.546249999999999,16.77587558422522,450
12,74,5.0,10.464166666666666,16.92793080985952,451
12,82,6.0,11.117291666666667,16.62198395097525,451
12,86,5.0,2.79,16.161334711595384,451
12,93,4.0,9.444375,16.82741279507021,450
12,94,5.0,13.278125,17.130114322449547,448
12,95,5.0,14.007291666666665,17.31627996467583,451
12,98,3.0,2.9314583333333335,15.523873544292277,450
12,101,6.0,7.671666666666667,16.302178118159617,450
12,106,6.0,11.011458333333334,16.7906188078904,451
12,107,7.0,10.415833333333333,16.659819325143122,450
12,109,4.0,13.161249999999999,16.92232504784172,450
12,112,4.0,9.978333333333333,16.97584558681122,450
12,115,6.0,4.2387500000000005,16.342738275657098,451
12,118,6.0,8.580208333333333,16.340737481736586,450
12,120,7.0,8.9075,16.599131651899615,450
12,123,6.0,4.570416666666667,16.550810717808158,450
12,126,5.0,9.683124999999999,16.811607909285815,451
12,132,5.0,6.013541666666667,16.34466546968646,451
12,133,4.0,2.2783333333333333,16.263459534569787,450
12,137,5.0,3.4181250000000003,16.10258527054527,451
12,138,5.0,7.703749999999999,16.54504386348717,451
12,139,2.0,2.2158333333333333,15.942033272733685,450
12,141,2.0,10.679166666666665,16.70247687004817,450
12,143,5.0,6.494166666666666,16.394528012485722,450
12,144,4.0,8.1675,16.522504237052114,441
12,148,7.0,11.624166666666666,16.84581181778608,446
13,1,4.0,2.879583333333333,15.874255649432254,437
13,3,5.0,8.637291666666666,16.190103138565718,450
13,5,4.0,4.725,16.026576119161028,451
13,7,3.0,4.805208333333334,15.682525582611259,430
13,8,3.0,7.561875,16.441694551190587,448
13,10,2.0,2.381666666666667,15.585945002229886,450
13,14,4.0,10.659375,16.977671101171236,450
13,16,3.0,6.657708333333333,16.30448425457591,450
13,18,3.0,11.742291666666667,16.91463004619842,450
13,25,4.0,4.552708333333333,15.875984601117475,450
13,26,3.0,0.851875,15.81940649118246,450
13,27,4.0,3.190208333333333,15.778211571091258,451
13,38,1.0,5.446875,16.423388777219184,451
13,44,5.0,5.458958333333333,16.000852170878265,450
13,45,4.0,4.57875,16.025816715072207,450
13,51,4.0,1.7693750000000001,15.674923351823075,450
13,55,5.0,4.725,16.15952972637593,451
13,58,4.0,11.976666666666667,16.97043227693089,451
13,59,2.0,5.523333333333333,15.835369513807878,434
13,60,1.0,11.544583333333334,16.749745220901808,450
13,63,1.0,7.265625000000001,16.658182757178754,450
13,64,3.0,8.445,16.863325703869606,451
13,69,2.0,7.6502083333333335,16.488621640848947,430
13,73,2.0,9.134166666666667,16.50002076649585,450
13,77,1.0,6.335208333333334,16.419489418595717,436
13,78,1.0,3.799375,16.18074380900105,451
13,79,5.0,7.012500000000001,16.4044928809057,448
13,80,3.0,3.640416666666667,15.82544063500303,450
13,83,5.0,14.3225,16.97106731546899,451
13,87,5.0,6.487708333333334,16.691731070638976,451
13,88,3.0,2.687708333333333,15.594190053189887,451
13,93,2.0,7.885208333333334,16.307773117890235,451
13,96,4.0,6.4799999999999995,16.031997434884058,434
13,100,1.0,8.246041666666667,16.509886002668484,449
13,103,4.0,6.758749999999999,16.290160481389744,450
13,105,4.0,6.758125,16.95115099985125,450
13,106,5.0,5.437291666666667,16.416512543558724,451
13,107,5.0,3.688958333333334,15.931304763346917,451
13,108,3.0,9.014999999999999,16.21610561709809,451
13,112,5.0,4.4275,16.298607213965383,450
13,119,8.0,3.2793750000000004,16.33702776651786,451
13,122,2.0,6.4731250000000005,16.121564869209294,433
13,126,1.0,8.286041666666668,16.36442223882386,451
13,128,1.0,2.160625,15.276185712596403,450
13,133,4.0,7.754375,16.519180736094622,451
13,134,6.0,13.701875,16.74784885685117,450
13,142,2.0,7.419583333333334,16.1340595443673,450
13,143,5.0,5.518958333333333,16.281204408531423,548
13,145,7.0,9.677916666666667,17.092740975000172,440
13,148,6.0,5.056041666666666,16.273411406829663,451
14,2,7.0,11.437083333333334,16.819524962088295,881
14,3,9.0,8.514791666666667,16.850130747337257,864
14,4,7.0,16.17125,17.177475723118253,858
14,6,4.0,8.491458333333334,16.69468814566729,826
14,9,3.0,3.135416666666667,15.929765897738902,864
14,14,4.0,11.176041666666666,17.377461773176357,900
14,17,7.0,2.51625,16.44676171831084,900
14,18,4.0,12.417499999999999,17.170401710383878,823
14,24,5.0,18.782083333333333,17.41794042800803,901
14,26,2.0,7.918958333333332,16.44964870665758,901
14,31,5.0,5.531666666666666,15.962562502549298,851
14,33,3.0,11.807708333333334,17.13115878042784,825
14,36,4.0,6.946666666666666,17.175492477565392,878
14,37,5.0,12.890416666666665,17.06227640884057,871
14,39,7.0,9.730625,16.60026418960946,879
14,41,5.0,1.72,16.439654951802847,900
14,43,4.0,15.851041666666665,16.959254876218065,840
14,46,3.0,13.024375,17.069522574798384,886
14,48,2.0,7.5529166666666665,16.82717043414631,901
14,57,1.0,13.341875,16.965725756701993,855
14,64,4.0,5.699166666666667,16.869494511196464,889
14,65,4.0,17.924166666666665,17.35366044696449,867
14,68,1.0,17.108958333333334,17.09757865316693,889
14,73,5.0,14.240625000000001,17.284483876435495,876
14,74,2.0,11.555,16.97229716159352,901
14,79,4.0,19.836875000000003,17.49882014035443,883
14,82,3.0,16.066666666666666,16.888237505860154,901
14,90,5.0,5.930416666666667,16.656761121353107,781
14,91,4.0,15.99375,17.157994266656274,900
14,94,3.0,2.183125,16.71638183645486,826
14,95,4.0,12.306875,16.938438744798137,768
14,97,2.0,16.211041666666667,17.209403924361997,900
14,98,3.0,9.941458333333333,16.60479658219188,900
14,99,5.0,6.567916666666666,16.46827438479128,808
14,103,5.0,12.606666666666666,17.102779596072224,901
14,106,8.0,13.462708333333333,17.30563744161924,872
14,110,4.0,6.0285416666666665,16.411930159009287,891
14,115,7.0,9.630625,16.63581485077601,878
14,116,4.0,12.839583333333332,17.160697271310973,875
14,117,2.0,10.075833333333334,16.810317952190285,901
14,118,4.0,12.281458333333333,16.92973189097129,900
14,121,4.0,6.3602083333333335,16.425863415397213,900
14,123,4.0,3.9800000000000004,16.390549873197234,816
14,126,3.0,10.725833333333332,17.003334952949015,864
14,127,5.0,17.76729166666667,17.455966519960533,900
14,131,2.0,17.802708333333335,17.341129048257184,757
14,136,3.0,13.423958333333333,17.01655047388265,896
14,138,4.0,14.133125,17.299834672976573,862
14,142,3.0,17.509791666666665,17.357821959770263,889
14,143,4.0,15.437916666666668,17.126354128225838,833
15,1,6.0,5.0275,16.873249938584955,403
15,3,7.0,4.969791666666667,16.367641238932077,451
15,10,5.0,5.987708333333333,16.540969835124034,444
15,15,5.0,9.098749999999999,16.626761163483923,451
15,16,4.0,7.404791666666667,16.419938574583025,405
15,19,8.0,6.949375000000001,16.702379602295963,450
15,20,3.0,9.10375,16.446496235644346,450
15,21,8.0,4.7875,16.363990208585108,439
15,22,5.0,11.723333333333333,17.118247551916234,450
15,28,5.0,9.695625,16.870593751449675,436
15,29,4.0,11.880625,16.826348972710598,451
15,33,7.0,1.7850000000000001,15.950423784168237,450
15,35,7.0,14.228541666666667,17.156592715060622,451
15,40,5.0,6.815416666666667,16.72082029264443,435
15,45,7.0,5.465833333333333,16.493323502753288,451
15,46,5.0,6.923749999999999,16.84307415614607,438
15,51,2.0,7.877083333333333,16.68334973325383,451
15,55,7.0,12.049375,16.594703849660622,451
15,59,8.0,5.522916666666667,16.262156767599734,420
15,62,9.0,7.866874999999999,16.65534576547268,439
15,64,8.0,13.125416666666666,16.627747856945767,451
15,65,3.0,12.982083333333334,17.154405589045467,450
15,66,9.0,12.219583333333334,17.0304161037203,413
15,70,2.0,11.215,16.604139034772313,422
15,71,4.0,6.562916666666667,16.639846544873773,451
15,76,2.0,4.239791666666667,16.160453546061625,451
15,77,1.0,6.053958333333333,16.417354199981897,451
15,81,6.0,7.918125,16.338853050054784,393
15,85,3.0,7.260416666666666,16.52470373322335,451
15,90,5.0,7.559583333333333,16.619644879754993,450
15,91,9.0,6.814375,16.55322543329289,360
15,92,4.0,8.612916666666667,16.538205542489948,397
15,93,4.0,6.510000000000001,16.656775871073368,427
15,95,5.0,2.6139583333333336,16.176305345953267,447
15,96,3.0,2.0118750000000003,15.170889269437215,450
15,97,2.0,3.455208333333333,16.292880691764445,450
15,98,8.0,2.3525,15.801799489189584,450
15,102,3.0,5.7,16.509929902539803,451
15,103,3.0,7.9402083333333335,16.51798667900802,397
15,105,4.0,6.499791666666667,16.424278822556246,415
15,110,2.0,6.444374999999999,16.374859373898815,450
15,111,1.0,10.959166666666667,16.709936022558523,450
15,119,9.0,8.309791666666666,16.624844681304566,451
15,124,4.0,5.6414583333333335,16.4642487683716,443
15,133,4.0,7.369583333333334,16.68231979942176,426
15,135,3.0,1.555625,15.354428262392009,450
15,136,3.0,2.7427083333333333,15.56946949626334,451
15,145,7.0,5.424791666666667,16.618231534470358,450
15,146,2.0,4.110833333333333,16.36011895790939,392
15,148,6.0,12.889166666666666,16.750372339531868,450
16,0,8.0,14.523333333333333,17.126931439477367,425
16,2,5.0,7.88,16.763900538591727,410
16,3,5.0,6.0808333333333335,16.247179324814546,450
16,4,7.0,7.058958333333333,16.742720955129062,421
16,6,3.0,9.947083333333333,16.628330834041254,450
16,18,4.0,8.728958333333333,16.62857714098119,450
16,20,1.0,1.7116666666666664,15.780852099883267,303
16,22,2.0,6.171458333333334,16.36297830387886,274
16,26,2.0,4.622708333333334,16.49141566555764,432
16,30,5.0,9.210208333333334,16.50979825274276,394
16,31,4.0,8.701458333333335,16.51886873803997,434
16,32,5.0,7.9089583333333335,16.598843968390955,450
16,34,2.0,1.286875,15.620819001447918,378
16,47,5.0,10.430208333333333,16.71698339713629,429
16,48,1.0,2.636875,15.877580952900383,442
16,50,7.0,1.6620833333333334,15.895392155313406,410
16,52,5.0,5.889583333333333,16.456412840836975,319
16,53,3.0,5.466666666666667,16.142758683811092,400
16,54,1.0,5.528333333333333,15.71262006808017,450
16,56,2.0,10.327708333333334,16.611690917404914,427
16,57,1.0,8.032916666666665,16.441618284564225,382
16,58,1.0,8.721874999999999,16.78854945116055,450
16,67,3.0,3.6735416666666665,16.300453528579762,426
16,70,2.0,9.911041666666668,16.41124926833439,447
16,73,3.0,2.656458333333333,16.141200613832034,451
16,77,2.0,8.938125,16.448012340683533,428
16,88,1.0,2.0502083333333334,15.40917282703927,442
16,89,2.0,10.085625,16.838310652044623,451
16,92,2.0,5.570416666666667,15.7604295088851,451
16,97,1.0,3.2918749999999997,15.918167354165071,450
16,99,1.0,12.966041666666667,16.895002407143423,351
16,100,1.0,9.887291666666668,16.29498268613914,430
16,101,3.0,9.287291666666667,16.460772258666015,433
16,104,3.0,7.291458333333334,16.38214262230938,450
16,105,1.0,9.151666666666666,16.341401037918057,395
16,108,1.0,6.623958333333333,16.260043345876216,450
16,114,1.0,11.010625000000001,16.59444373841593,419
16,116,1.0,6.911875,15.987797538746104,450
16,118,1.0,5.893541666666667,16.176983974348225,301
16,125,3.0,6.915,16.261184244249122,431
16,127,2.0,2.106041666666667,15.538767483515542,417
16,130,3.0,6.027708333333334,16.070846464691435,451
16,132,1.0,2.887291666666667,15.766889828573788,420
16,136,2.0,4.340833333333333,15.827962831915501,394
16,138,2.0,3.229791666666667,15.887727549408435,448
16,139,1.0,5.712916666666667,16.636046995249572,343
16,140,2.0,8.829375,16.723197749482885,370
16,145,2.0,6.947708333333333,16.523324305873153,450
16,146,1.0,6.705208333333333,16.653367036398816,426
16,149,1.0,2.3466666666666667,16.0769844457037,385
17,2,7.0,14.38,17.01538434016209,451
17,3,9.0,2.191041666666667,16.06063558340331,451
17,10,4.0,9.583958333333333,16.37963954276283,449
17,11,6.0,7.597291666666667,16.206818856392104,450
17,12,4.0,2.54875,15.887831255493978,450
17,17,7.0,11.418333333333333,16.707524598638717,451
17,19,7.0,10.768958333333334,16.399217951431662,443
17,26,3.0,5.041041666666667,16.648171684569984,450
17,30,3.0,5.356875,16.04221045970079,450
17,32,8.0,9.690833333333334,16.86838357014155,438
17,34,4.0,13.705625,16.94428413174333,451
17,36,4.0,5.146458333333333,16.044266942574787,450
17,40,2.0,3.0543750000000003,16.039900637151085,451
17,48,7.0,3.8375,15.775187143303716,451
17,49,4.0,4.345208333333334,15.871129170223163,450
17,50,8.0,6.747708333333333,16.055061583760622,451
17,55,4.0,4.95875,16.33066113477882,451
17,56,6.0,9.965833333333334,16.44794620515894,451
17,61,6.0,10.473333333333333,16.4358324272939,434
17,62,8.0,5.805625,16.446667204131497,450
17,65,4.0,3.204166666666667,15.941752642916832,448
17,67,5.0,3.0370833333333334,16.49241392034546,451
17,71,3.0,4.610625,16.109661571703796,450
17,73,5.0,10.941875,16.70552551886167,450
17,75,2.0,2.87,16.234234688408584,450
17,77,2.0,9.336875,16.679487189097035,450
17,82,6.0,12.001458333333332,16.77841183368284,450
17,98,7.0,8.299166666666666,16.163232726292396,450
17,99,7.0,12.201458333333333,16.82371613397769,416
17,102,4.0,6.958333333333333,16.217980832796137,451
17,105,7.0,7.914791666666667,16.06510232253663,450
17,106,3.0,9.795833333333333,16.564268595131637,450
17,107,5.0,6.395416666666668,15.801941262702304,450
17,109,1.0,15.693958333333333,17.148176524439982,444
17,111,1.0,3.457291666666667,15.85063881166356,451
17,113,6.0,10.031875,16.348792027937492,450
17,115,6.0,8.567916666666667,16.507472563281155,441
17,116,4.0,7.295625,16.279552573736133,451
17,118,3.0,4.96125,15.79042410182602,451
17,119,9.0,7.573333333333333,16.199958331144433,451
17,122,5.0,6.897291666666666,16.17885886390579,450
17,123,5.0,6.855208333333334,16.706355977584064,451
17,124,6.0,4.7593749999999995,15.895792298367779,451
17,125,4.0,6.152708333333334,16.18827593720563,450
17,129,8.0,3.225625,16.051982486560878,450
17,136,4.0,5.096875,15.8717273340638,450
17,137,4.0,5.408541666666666,16.448586246816465,450
17,138,6.0,7.433333333333334,16.58526980254816,450
17,146,6.0,5.969791666666667,15.971626113384572,450
17,147,4.0,11.64125,16.624779226548,451
18,3,7.0,4.686875,16.126671370246125,450
18,7,5.0,3.381041666666667,16.09702252820424,451
18,11,6.0,13.6625,16.666313352781813,450
18,13,5.0,3.598958333333333,16.271698930309196,437
18,18,6.0,11.322291666666667,16.730709362378327,450
18,19,6.0,4.650833333333333,16.369431299181567,445
18,20,5.0,4.990833333333333,16.29904997351874,450
18,22,5.0,4.93875,16.07729938476025,451
18,25,4.0,8.795,16.15864783523313,451
18,28,5.0,8.691875,16.24960391522048,450
18,29,6.0,7.100208333333333,16.07613002496748,450
18,40,6.0,4.966666666666667,16.017482173691715,450
18,43,6.0,7.510208333333333,16.16647223946544,451
18,44,7.0,7.59125,16.393320402573615,450
18,47,7.0,8.892291666666667,16.499328203675976,450
18,48,4.0,6.406249999999999,16.35262034169032,438
18,58,6.0,8.051666666666666,16.362175169372037,450
18,59,6.0,2.6914583333333333,15.208760234667585,450
18,60,4.0,1.9010416666666665,16.09324567197305,450
18,61,7.0,5.037083333333333,15.614366873701956,450
18,68,3.0,5.361458333333333,15.754512976508371,450
18,78,5.0,9.471250000000001,16.224315801529553,450
18,80,6.0,5.301458333333333,16.382085561585967,450
18,87,6.0,9.462083333333334,16.913032585979614,451
18,88,7.0,8.878958333333333,16.78676611406775,421
18,89,6.0,10.866249999999999,16.594427202833668,451
18,91,7.0,6.015208333333334,16.305808830063725,451
18,94,6.0,10.38125,16.95604364796711,451
18,96,5.0,5.801041666666666,16.01833013682669,451
18,98,6.0,3.2091666666666665,15.549893712158866,450
18,102,6.0,5.5754166666666665,16.53023050414431,450
18,103,5.0,7.836875,16.33916267296031,450
18,104,5.0,13.454166666666667,17.185001184703722,451
18,107,6.0,3.89375,15.712254561126345,450
18,113,7.0,4.55875,16.303749508135777,450
18,114,6.0,13.118333333333334,16.698599557316825,407
18,115,8.0,9.151875,16.645588725885144,450
18,117,3.0,7.261875,16.47382166712702,451
18,119,9.0,6.803333333333334,16.195379735132118,450
18,120,6.0,9.967083333333333,16.39415547349071,444
18,121,6.0,5.248333333333333,15.931258816708876,437
18,123,7.0,11.273125,16.796620711782587,450
18,125,6.0,8.774999999999999,16.470070628103517,450
18,126,6.0,10.192083333333333,16.47391360476991,396
18,127,7.0,3.465,16.005533942871548,450
18,129,8.0,8.871666666666666,16.23033209733225,450
18,133,6.0,2.625625,16.11340434570411,423
18,143,6.0,5.121666666666667,15.831235784412906,450
18,146,6.0,9.086041666666667,16.804225707021764,451
18,147,5.0,8.924375,16.48892139284757,450
19,0,8.0,3.243125,16.37979698739431,444
19,2,5.0,10.488333333333333,16.848140494477022,450
19,8,6.0,8.784791666666667,16.380696137824792,751
19,14,4.0,12.098125,16.986649186972706,900
19,18,6.0,1.5895833333333336,16.10746096975379,890
19,23,8.0,1.5025,16.374833854607225,887
19,24,7.0,7.842499999999999,16.69944181166265,879
19,27,7.0,7.120208333333333,16.463879944463656,901
19,29,2.0,8.091041666666667,15.976336160855809,900
19,30,7.0,4.643958333333333,16.24420596012374,890
19,31,8.0,9.716458333333334,16.38346352691134,900
19,35,7.0,9.382083333333334,16.20430011280147,901
19,38,3.0,10.327708333333334,16.61640920754384,901
19,46,5.0,6.850416666666667,16.14468316582817,901
19,50,9.0,8.481666666666667,16.535005380785968,900
19,53,6.0,6.248958333333333,16.399742606745168,901
19,54,3.0,5.102708333333333,16.085399175178278,884
19,62,4.0,6.055833333333333,16.231713549846877,895
19,63,3.0,4.430625,15.851313296196404,900
19,66,7.0,2.32125,15.938608913402264,900
19,68,3.0,5.8758333333333335,16.256287328126724,899
19,69,5.0,9.252083333333333,16.469633044504207,896
19,72,6.0,9.1575,16.320491421124085,898
19,74,3.0,10.307708333333334,16.488552044564017,901
19,76,8.0,9.56875,16.531613949036803,900
19,79,2.0,6.18375,16.221731365796067,887
19,80,8.0,7.040625,16.560331672995048,901
19,82,4.0,2.9408333333333334,15.617466221528955,896
19,83,7.0,4.576874999999999,16.346166957999348,901
19,85,3.0,6.984166666666666,16.139628469579577,900
19,89,7.0,10.559583333333332,16.72475154584605,899
19,90,7.0,10.7475,16.962012347162577,900
19,92,5.0,7.867708333333333,16.22873913746299,900
19,94,5.0,7.081666666666667,16.479588131802828,899
19,96,3.0,6.123125,16.14184914853855,901
19,97,2.0,3.9389583333333333,16.136021246419045,900
19,102,7.0,5.945,16.622574537697915,900
19,103,4.0,9.295625000000001,16.413281521576852,900
19,108,2.0,10.87875,16.554691759838853,899
19,115,8.0,6.3829166666666675,16.224589630295924,900
19,117,2.0,6.382291666666666,16.196665310276742,899
19,130,3.0,1.0470833333333334,15.55661114234156,802
19,131,5.0,5.526666666666666,15.983576639094855,894
19,134,8.0,5.713958333333333,16.187636118644992,887
19,138,4.0,4.123333333333333,16.03653376278413,901
19,139,3.0,9.726666666666667,16.597257742934993,897
19,140,8.0,4.394791666666667,16.66439170430071,898
19,141,2.0,7.763958333333333,16.112833507335463,900
19,144,3.0,7.527291666666666,16.22769148031082,854
19,148,8.0,7.029166666666667,16.15109856103602,901
20,2,3.0,2.6833333333333336,16.03810008735835,450
20,7,4.0,2.9010416666666665,15.55505700088448,450
20,8,7.0,9.535,16.502228779821916,450
20,9,3.0,9.134791666666667,16.689135120666027,450
20,15,8.0,9.795833333333333,16.324655774198053,450
20,17,9.0,10.05125,16.788277156202426,450
20,19,8.0,9.733541666666666,16.4433715806859,451
20,23,10.0,7.515833333333333,16.31910463964026,450
20,25,5.0,4.926458333333334,16.101810993789687,451
20,26,7.0,7.350833333333333,16.27060351690783,451
20,29,6.0,2.984583333333333,15.734233691302533,450
20,31,8.0,7.412708333333333,16.109503840350836,451
20,34,6.0,7.3325000000000005,16.357467352995226,442
20,35,4.0,5.44375,15.620079702472252,450
20,37,3.0,3.8627083333333334,16.36036510144108,450
20,41,2.0,6.795624999999999,15.858084690926855,451
20,42,5.0,3.041666666666667,15.252240708532518,451
20,44,6.0,5.422291666666667,16.15079021869076,450
20,45,6.0,9.139166666666666,16.67914303182446,445
20,49,5.0,5.677291666666666,16.07923602424091,451
20,51,4.0,5.252291666666667,15.957803363642695,451
20,52,8.0,3.414375,15.638045556642867,451
20,53,4.0,8.311041666666668,16.363505855846423,450
20,57,3.0,6.357916666666667,15.699762178156474,450
20,64,7.0,9.76375,16.520019971719535,451
20,67,6.0,8.336041666666667,16.51507419057525,450
20,72,7.0,8.784166666666666,16.148284763037246,450
20,73,8.0,9.004375000000001,16.2999497153982,450
20,76,4.0,4.896458333333333,15.97639938229132,450
20,78,3.0,5.267083333333334,15.972346862550076,440
20,79,2.0,7.422291666666666,15.837529702914738,450
20,80,3.0,6.817708333333333,16.279623985000548,450
20,82,5.0,4.691041666666667,16.07084145287497,451
20,87,4.0,7.323958333333333,16.03134214091262,450
20,88,2.0,5.010833333333333,16.165939529383856,451
20,91,8.0,5.54625,16.02621253760839,451
20,92,7.0,9.787916666666668,16.594530690891936,436
20,96,5.0,7.951458333333333,16.28203854928245,451
20,100,3.0,5.354166666666667,15.827195582174278,434
20,101,2.0,1.4497916666666666,15.935937487320757,450
20,108,1.0,7.29875,16.00759083137984,439
20,111,1.0,9.216875,16.247124046278845,451
20,112,4.0,2.719375,15.157034445156848,450
20,113,6.0,5.465,15.832324963008102,450
20,120,4.0,9.5625,16.60739420603325,451
20,124,7.0,1.6127083333333334,15.127532365763848,451
20,127,7.0,4.6397916666666665,16.157622058306707,450
20,143,3.0,11.103333333333333,16.893443383635535,450
20,146,2.0,4.9470833333333335,15.775670047964802,451
20,149,5.0,4.526666666666666,15.51716198968863,450
21,4,9.0,12.954166666666666,17.26701003002091,431
21,6,6.0,6.308125,16.306079452784076,450
21,9,5.0,3.830625,16.322294287626203,382
21,10,7.0,3.512083333333333,15.609357241048867,451
21,11,7.0,9.529166666666667,16.331145701796462,439
21,12,5.0,4.622708333333334,16.459950702718448,381
21,14,8.0,2.6389583333333335,15.937521665207425,432
21,18,7.0,8.320625,15.87973569385349,387
21,20,5.0,7.205208333333333,16.003135727269377,450
21,22,6.0,5.478958333333334,16.026225873405114,451
21,23,8.0,5.545416666666666,16.08231579629328,435
21,24,7.0,6.6049999999999995,16.418331614736385,450
21,27,5.0,7.015000000000001,15.927604898016876,437
21,30,6.0,8.38125,16.291457430700266,431
21,33,6.0,7.68875,16.406135270459423,446
21,36,8.0,6.234791666666667,15.981624521440503,406
21,42,5.0,6.168125,16.23231165253742,373
21,45,7.0,2.7579166666666666,15.829756913944824,425
21,46,4.0,9.501666666666667,16.365098679704428,394
21,54,4.0,4.699375,15.612796064167071,415
21,59,5.0,5.834791666666667,15.70355755336033,377
21,63,4.0,6.4750000000000005,16.03364628754067,422
21,64,6.0,6.756666666666666,16.09080151532885,434
21,65,7.0,3.0895833333333336,15.913259217177407,408
21,66,8.0,4.84125,15.902555887935916,428
21,67,6.0,5.655208333333333,15.924879101800693,367
21,68,4.0,2.42375,15.665924941097295,443
21,74,3.0,5.140625,15.953018197635528,348
21,78,4.0,5.435625,16.160680128386208,417
21,82,6.0,5.310833333333333,16.1941393258988,424
21,86,5.0,6.13375,16.10120275399924,439
21,88,5.0,2.7902083333333336,15.426304693161562,285
21,89,7.0,4.1258333333333335,16.083803068909894,416
21,93,6.0,10.091666666666667,16.642847456119178,348
21,99,7.0,7.722083333333334,16.414292074885985,450
21,103,6.0,8.712083333333332,16.400586836907813,355
21,107,5.0,5.234375,15.80502683396669,419
21,108,6.0,6.996041666666667,15.967563708322073,394
21,114,5.0,6.941458333333333,16.01584462317828,450
21,117,6.0,8.292916666666667,16.142527003474413,426
21,119,8.0,4.461041666666667,16.424008148016725,432
21,120,7.0,8.400208333333333,16.191018117985855,296
21,122,7.0,5.2127083333333335,15.979366389469986,450
21,126,6.0,5.792916666666667,16.018505398112566,401
21,130,5.0,4.004166666666667,15.538577325942674,383
21,134,8.0,7.434375,16.13118616390249,378
21,135,8.0,2.4839583333333337,15.588626652414357,451
21,140,7.0,8.403125,16.300017025122784,360
21,143,5.0,2.8289583333333335,15.367264451824763,391
21,147,6.0,6.955208333333333,16.017984227608245,442
22,1,6.0,14.876041666666667,17.037320290151253,404
22,4,9.0,11.662500000000001,17.206800081132304,442
22,6,7.0,12.399375,16.80988258881504,433
22,11,7.0,10.4125,16.609345855611654,451
22,12,5.0,5.223333333333334,16.543039463997417,450
22,15,5.0,10.367916666666668,16.773845138270556,450
22,17,8.0,9.990416666666667,16.96172864645475,435
22,22,7.0,13.511041666666667,17.00750529981429,429
22,25,3.0,11.068541666666667,16.638117390711024,424
22,28,6.0,4.54,16.74277778107503,349
22,30,6.0,11.547083333333333,16.991265316748457,437
22,34,5.0,15.799166666666666,17.20151326624665,421
22,36,7.0,7.491458333333334,16.772902530666084,433
22,38,3.0,9.534583333333334,16.797361215263415,434
22,42,6.0,8.392916666666666,16.22253581489033,450
22,43,7.0,6.762083333333334,16.220065337921117,451
22,45,6.0,10.597708333333333,17.125536111919455,425
22,47,6.0,12.114166666666666,16.617140565627434,450
22,49,5.0,3.0522916666666666,16.35169290317319,434
22,50,9.0,9.325208333333332,16.45331797763624,414
22,52,7.0,8.49,16.477711015523738,451
22,53,5.0,13.166666666666666,16.87072647805217,450
22,56,5.0,6.39625,16.698797309430702,451
22,57,2.0,6.94,16.35878824746391,435
22,59,6.0,6.024375,15.998317152939094,439
22,60,4.0,10.844166666666668,16.57839558232225,445
22,61,9.0,9.540416666666667,16.712853551886305,437
22,65,5.0,5.040208333333333,16.31077645841478,451
22,67,6.0,8.54125,16.628791663603874,450
22,69,4.0,6.027916666666667,16.10325002983243,434
22,72,6.0,10.209583333333333,16.366492441984295,442
22,74,3.0,5.061249999999999,16.32310785321924,444
22,76,5.0,12.389375,16.754645731383494,450
22,80,5.0,12.379791666666666,16.750397019915084,415
22,86,4.0,6.243333333333333,16.516328174292553,451
22,92,8.0,4.703125,16.28746905040728,438
22,93,4.0,13.26375,16.803998406783272,427
22,94,7.0,11.354791666666667,17.110409533367587,451
22,97,5.0,13.419166666666666,17.18304184645113,450
22,98,7.0,6.390833333333333,15.949529342392466,451
22,101,5.0,10.574375,16.73386905075696,427
22,104,8.0,11.050833333333333,16.96043261469918,437
22,109,2.0,9.813125,16.642029599995762,436
22,110,6.0,6.585416666666667,16.144289759925353,435
22,115,8.0,12.447291666666667,16.955134130566044,420
22,121,7.0,6.111458333333333,16.389580041785624,420
22,125,6.0,5.510000000000001,16.232139265084964,450
22,139,7.0,13.343749999999998,17.18507623440825,411
22,141,4.0,4.653333333333333,16.35141531425072,446
22,142,5.0,4.833125,16.111300744375033,321
23,0,7.0,5.198333333333333,17.12658779624529,435
23,1,8.0,11.565,16.61380612472503,446
23,9,6.0,12.630208333333334,17.03986619576613,417
23,13,8.0,15.78125,17.105716689387528,451
23,16,6.0,8.740208333333333,16.61871765234088,409
23,20,8.0,3.1333333333333333,16.377793250344926,442
23,21,5.0,16.477708333333332,17.15418281422997,353
23,23,8.0,10.867708333333333,16.64474837958633,434
23,27,7.0,5.145208333333334,16.216586098310614,379
23,29,7.0,6.7714583333333325,15.958106283766591,250
23,32,8.0,15.390833333333335,17.306444582533512,409
23,34,8.0,16.862291666666668,17.272917286538995,435
23,35,9.0,22.871458333333333,17.46505717644835,450
23,40,8.0,9.567291666666666,16.44309600573569,436
23,43,8.0,9.283958333333334,16.832010110954467,414
23,44,7.0,5.507083333333333,16.699268885381635,398
23,48,4.0,5.708541666666667,16.211177023607206,425
23,52,7.0,9.8625,16.918916420779286,443
23,54,5.0,4.683958333333333,16.080348669071956,450
23,59,8.0,9.818333333333333,16.783542532004425,419
23,62,8.0,15.70375,16.860289719389357,425
23,65,8.0,12.663958333333333,16.60131792178653,275
23,73,8.0,13.320416666666668,16.916134281430537,374
23,75,5.0,5.789375,16.742828850809797,440
23,80,6.0,7.968333333333333,16.48610226547405,425
23,83,8.0,9.092291666666668,17.06785976274209,419
23,87,6.0,8.398541666666667,17.305539264399187,433
23,90,8.0,9.673958333333333,17.13652748618562,374
23,94,8.0,10.758333333333333,17.263252219018245,422
23,95,8.0,10.92,16.957337056445645,485
23,106,7.0,12.716458333333334,16.83082018141998,428
23,107,8.0,8.621041666666667,16.495538072626058,416
23,111,6.0,7.065833333333334,16.750316351045676,378
23,116,7.0,5.186875,16.952041426600882,420
23,121,7.0,5.405208333333333,16.17323470556187,451
23,123,8.0,11.995000000000001,16.81385915700442,439
23,129,9.0,10.352291666666668,16.649059606456802,430
23,130,7.0,9.103958333333333,16.44582372832985,451
23,131,7.0,14.557916666666667,17.232258090282986,442
23,132,7.0,8.914791666666666,16.520875260316323,433
23,133,6.0,7.206875,16.424504573382848,438
23,134,9.0,9.64,16.764597507242147,431
23,135,7.0,11.098333333333334,16.58261459958597,451
23,136,7.0,6.986041666666666,16.074169597694254,438
23,137,7.0,6.20375,16.7386949364885,684
23,138,6.0,8.89375,16.657103507407363,448
23,140,8.0,7.207291666666666,16.89185603892967,392
23,141,4.0,9.855,16.71389138534593,434
23,148,7.0,18.30229166666667,17.159742854103396,434
23,149,6.0,12.796875,16.89616804115152,439
24,4,10.0,15.424375000000001,17.468386585891455,884
24,9,3.0,2.3095833333333333,16.754273613650735,782
24,11,7.0,10.959791666666668,17.16031767954723,893
24,12,6.0,8.408958333333333,16.643478986955685,900
24,16,3.0,12.343958333333333,16.827298888348658,900
24,17,7.0,13.222708333333333,17.302585504287308,899
24,22,6.0,6.925833333333334,16.796049721321623,901
24,27,7.0,14.223958333333334,17.244313694937322,899
24,28,6.0,3.7968750000000004,16.80981085223179,899
24,32,6.0,11.008333333333335,16.954091362275626,901
24,38,5.0,15.3525,17.45531916685579,900
24,39,8.0,11.535,16.754593532156356,901
24,40,6.0,6.03,16.57793875170881,900
24,42,7.0,8.101666666666667,16.305948404318347,901
24,44,7.0,10.858541666666667,17.07344438276298,901
24,46,7.0,16.0775,17.31286005987352,901
24,50,10.0,7.827708333333333,17.041648996131546,900
24,52,10.0,10.984166666666667,16.656509420353714,900
24,55,5.0,6.698958333333334,16.69935114599296,900
24,59,7.0,11.597916666666666,16.959453703515404,900
24,60,5.0,14.789791666666666,16.774891418781234,900
24,62,9.0,7.841875,16.575198971647385,891
24,68,3.0,11.667708333333334,16.640671214413132,900
24,70,3.0,11.439166666666667,17.03386038225449,901
24,71,5.0,2.3845833333333335,16.241058201113717,900
24,77,4.0,12.188541666666666,16.755493710721282,901
24,83,6.0,9.963125,17.37162238507628,900
24,85,6.0,9.023541666666667,17.281004757059485,891
24,87,7.0,14.14125,17.31036702118568,900
24,88,7.0,14.554791666666667,17.036796901487467,900
24,92,7.0,3.7583333333333337,16.053480470941935,882
24,93,6.0,19.884375000000002,17.47231633815163,900
24,94,7.0,12.199166666666667,17.5744331807287,900
24,97,6.0,16.546875,17.11797433668611,900
24,100,6.0,7.445208333333333,16.639894841959975,900
24,101,7.0,13.294166666666667,16.938014131115498,900
24,112,7.0,12.891458333333333,17.13324020037153,900
24,116,6.0,6.656458333333333,16.7141497058797,900
24,118,6.0,1.2783333333333333,16.056013661579726,900
24,122,6.0,11.715,16.81348827801341,900
24,129,10.0,9.808333333333334,16.368131651703465,890
24,131,7.0,2.2408333333333332,15.608967641139332,897
24,132,5.0,2.6012500000000003,16.068040579205704,901
24,134,8.0,8.228333333333333,16.804198390886988,899
24,135,8.0,7.871250000000001,16.75708443129938,900
24,137,6.0,7.308541666666667,16.57734033471355,900
24,138,3.0,9.532291666666666,16.55821035016622,901
24,144,5.0,1.828125,16.011105513157943,900
24,147,5.0,15.410833333333334,17.058553155938625,894
24,149,5.0,11.047916666666667,16.611649958515304,900
25,14,8.0,13.935416666666667,17.128779333345076,890
25,18,7.0,9.317916666666665,17.10021816486522,900
25,21,4.0,4.252916666666667,16.04292524348136,900
25,23,9.0,11.137083333333333,16.902600049207027,899
25,24,7.0,17.743125000000003,17.363114694238895,900
25,25,5.0,10.519791666666666,16.461106629879,898
25,32,7.0,15.440416666666668,17.08651333016438,899
25,34,6.0,11.523541666666667,16.991150259453427,900
25,36,4.0,7.839166666666666,16.665401548961647,901
25,41,4.0,1.8987500000000002,15.769235563711781,896
25,44,7.0,7.987708333333334,16.491310398684035,899
25,45,6.0,12.596458333333333,16.993801074688196,900
25,48,4.0,6.827708333333334,16.212844902294357,895
25,49,5.0,3.920208333333333,15.963120041546997,898
25,51,5.0,8.22125,16.594140147084254,899
25,53,3.0,7.830833333333333,16.31546965034597,897
25,54,3.0,3.6470833333333332,16.255001169157595,895
25,59,7.0,8.515208333333334,16.759285631623342,887
25,63,6.0,6.302708333333333,16.69755755041081,899
25,66,8.0,11.594583333333333,17.103634185831282,899
25,70,4.0,9.965,16.340123638100046,900
25,71,5.0,2.1952083333333334,15.98665981419508,899
25,74,4.0,9.011875,16.665951161797555,872
25,75,4.0,7.234166666666667,16.59160699233934,874
25,78,5.0,5.904791666666666,16.229462757173888,880
25,80,6.0,4.449166666666667,16.270738182693293,901
25,81,8.0,13.711458333333335,16.873189620582064,900
25,89,7.0,8.485833333333332,16.585293877035127,899
25,91,8.0,8.089166666666667,16.512474197636273,900
25,95,6.0,9.471458333333334,17.062168504189664,898
25,100,4.0,7.253958333333334,16.586375752506214,898
25,102,7.0,14.639375,17.258335294177453,898
25,106,7.0,6.214166666666666,16.499783110465426,899
25,108,6.0,10.286666666666665,16.28492770256467,898
25,114,6.0,12.940416666666666,16.743993905314355,899
25,117,3.0,7.4922916666666675,16.251580649791148,894
25,119,9.0,12.733333333333333,17.02165074855982,900
25,121,7.0,11.615208333333333,16.42660383340582,900
25,122,5.0,7.723958333333333,16.206655165011785,891
25,126,5.0,11.781458333333333,16.624236223481063,897
25,128,4.0,11.12875,16.611068830335014,884
25,129,9.0,11.698749999999999,16.73935193484429,900
25,130,3.0,4.49,15.913613738354504,899
25,134,8.0,9.209791666666668,16.769826254104615,900
25,136,6.0,4.914166666666667,15.874947554017087,896
25,137,5.0,3.3208333333333333,15.711147745935978,895
25,140,9.0,2.6289583333333333,16.625727315987845,886
25,142,6.0,9.858749999999999,16.741278630163716,899
25,144,4.0,11.763958333333333,16.71638518407901,900
25,147,5.0,5.50625,16.517700573049982,900
26,1,6.0,4.766666666666667,16.564163506984062,600
26,5,7.0,11.766875,16.878197012250826,891
26,12,3.0,6.431041666666666,16.55585776721793,897
26,13,6.0,5.236041666666667,16.69582595489859,882
26,14,8.0,11.463750000000001,16.975117493819216,860
26,23,10.0,8.832083333333333,16.767115921664505,900
26,28,6.0,13.516041666666666,16.659636188601617,900
26,30,9.0,2.9272916666666666,15.993300482267674,899
26,31,10.0,7.791041666666667,16.463235223614372,885
26,33,8.0,10.014375000000001,16.5822668636839,901
26,36,6.0,0.9891666666666666,13.725893598871682,884
26,39,7.0,8.735208333333333,16.51543245163808,900
26,44,5.0,6.854375,16.394408528177394,899
26,45,6.0,5.745,16.34642872843949,892
26,49,4.0,6.199583333333333,16.467690490940193,901
26,54,2.0,5.99875,16.296858769394074,891
26,55,3.0,8.306041666666667,16.213109959186294,900
26,57,3.0,9.990833333333333,16.717311266241314,899
26,58,6.0,9.907499999999999,16.746342772312747,900
26,60,4.0,10.590416666666666,16.542027736847043,899
26,66,7.0,15.641250000000001,17.043042040104112,900
26,70,4.0,9.18375,16.458833002814334,900
26,71,5.0,7.419166666666667,16.710514940652285,900
26,75,3.0,9.643541666666666,16.67749991364422,894
26,76,7.0,8.013958333333333,16.842667192739224,887
26,84,2.0,1.5035416666666668,16.155924509016874,899
26,88,3.0,3.74875,15.97432702437634,899
26,89,8.0,12.302083333333332,16.830987072254263,900
26,90,10.0,8.938541666666666,16.75849210685782,888
26,97,6.0,2.5175,15.972294553009517,900
26,98,5.0,3.7310416666666666,15.90587722553328,900
26,100,4.0,3.7902083333333336,16.35993315667607,900
26,104,7.0,9.450833333333334,16.920128201601155,901
26,105,8.0,3.9460416666666664,16.132263767580287,900
26,106,6.0,8.835208333333334,16.890077635112647,900
26,111,2.0,10.256666666666666,16.766975163925622,879
26,112,3.0,3.379583333333333,16.573729192687633,900
26,114,3.0,7.836875,16.394703519008235,900
26,116,4.0,5.6825,15.979547947129788,901
26,117,2.0,8.97,16.33985242244987,899
26,118,5.0,6.707708333333333,16.04707011178271,900
26,119,10.0,6.869791666666666,16.41577717480276,901
26,120,6.0,3.473958333333333,15.629953432864957,900
26,121,3.0,5.751041666666667,16.12887728037922,900
26,124,7.0,10.960208333333334,16.79949467141247,899
26,133,3.0,4.68,16.127788052017447,900
26,134,9.0,8.156666666666666,16.501304737514715,900
26,135,7.0,5.1085416666666665,16.18538847202132,842
26,139,3.0,6.203541666666667,16.459391268011167,900
26,145,4.0,14.453125,17.256083982693394,899
27,0,5.0,9.837916666666667,17.06597732180479,436
27,6,3.0,8.962083333333332,16.966835351194884,437
27,10,5.0,10.813958333333334,16.978093431613136,450
27,15,4.0,12.747291666666666,17.199096738375072,450
27,16,2.0,8.308125,16.77317956630023,407
27,19,8.0,13.292708333333334,16.921164256017736,450
27,20,6.0,10.735416666666667,16.980653606123134,450
27,21,4.0,8.055,16.740577741093393,410
27,22,2.0,9.64125,16.47538750197549,451
27,27,4.0,13.165625,16.970821842700254,451
27,28,6.0,7.332291666666666,16.720190979065173,740
27,32,5.0,11.732083333333334,16.87660210956712,451
27,37,8.0,8.975,17.256721112566453,450
27,40,6.0,9.344583333333334,16.843973896757465,423
27,41,5.0,7.302708333333334,16.261044518277664,451
27,43,7.0,11.307708333333332,16.818773353258102,430
27,46,6.0,7.629583333333333,16.583598535908223,364
27,47,8.0,14.373541666666668,17.04011093180688,450
27,49,5.0,6.607916666666666,16.313501631607917,451
27,51,4.0,9.433333333333334,16.82098557564718,450
27,53,5.0,8.2125,16.64214331029722,431
27,57,1.0,9.618541666666665,16.50806844640506,418
27,62,9.0,14.749375,17.202246051086636,811
27,64,6.0,9.104166666666668,16.676590779254692,880
27,67,7.0,7.738541666666666,16.64959654257469,900
27,77,1.0,6.554374999999999,16.799228892306107,868
27,80,5.0,9.982916666666666,16.911513573004488,894
27,81,9.0,16.516666666666666,17.218728016329482,899
27,84,2.0,8.397499999999999,16.959239806617514,899
27,89,6.0,16.53125,17.121129351798192,900
27,94,7.0,10.42375,16.94967065131336,898
27,102,3.0,5.848958333333333,17.002950002151255,901
27,105,4.0,9.874375,16.786511395670914,899
27,110,6.0,11.186250000000001,16.6673439643689,898
27,111,2.0,13.649583333333334,17.040905270773074,896
27,112,5.0,10.092291666666666,16.639310647503134,883
27,113,8.0,10.3725,16.9039315480669,899
27,115,6.0,8.000833333333333,16.988731014547266,900
27,118,3.0,12.887291666666666,16.818598948775808,871
27,122,5.0,6.561875000000001,16.306034432014687,873
27,125,4.0,13.302083333333334,16.64552698765715,899
27,126,6.0,3.426041666666667,15.887807454545706,899
27,131,7.0,11.519375,16.782688738877017,900
27,132,8.0,6.684166666666666,16.38132776154414,898
27,133,2.0,15.921666666666667,17.19124320437031,872
27,136,5.0,10.062916666666668,16.47610877382923,861
27,137,1.0,9.225833333333334,16.80211092119253,893
27,139,2.0,4.132708333333333,16.96102455507626,900
27,142,6.0,10.382916666666667,16.978685167583798,901
27,146,4.0,2.377291666666667,16.29380541866203,875
28,0,4.0,9.7775,16.78391920242193,450
28,7,2.0,11.487291666666668,17.059346571615826,450
28,12,5.0,4.9025,16.041859322365458,451
28,13,4.0,9.483333333333334,16.888705379566368,434
28,16,8.0,6.308541666666667,16.497516713812292,451
28,18,8.0,10.26125,16.848060539132025,451
28,19,8.0,13.530416666666667,16.904607917329255,451
28,24,5.0,10.193125,16.702783376671825,450
28,25,6.0,8.135416666666668,16.705048797108653,435
28,34,4.0,9.669166666666666,16.99914067220268,450
28,36,1.0,12.187916666666666,16.844085304044157,451
28,40,3.0,8.188125,16.177025920289186,450
28,41,7.0,10.696666666666667,16.884572245889018,450
28,42,5.0,9.252291666666666,16.367396519685467,451
28,43,7.0,7.210416666666666,16.440275738921624,451
28,44,5.0,5.781041666666667,16.182666815715958,409
28,47,7.0,12.786041666666668,16.848034372086097,451
28,50,4.0,5.7908333333333335,15.91783287063806,450
28,53,4.0,4.6379166666666665,16.01366670188396,451
28,55,5.0,5.984166666666667,16.079071616707694,450
28,56,5.0,6.228750000000001,16.80968447369463,450
28,57,5.0,6.423958333333333,16.856402037981333,450
28,58,8.0,7.378958333333334,16.497417660411255,450
28,63,7.0,3.1525,16.181705634915126,450
28,64,9.0,9.210208333333334,16.666128097222046,450
28,67,3.0,4.368125,16.000618689357438,437
28,68,4.0,8.991875,16.427771972201526,451
28,72,5.0,8.213750000000001,16.42121133962159,450
28,76,3.0,7.45125,16.0062373577801,444
28,79,9.0,4.617916666666667,15.960974189557042,696
28,81,8.0,10.155625,16.395764816610754,899
28,82,8.0,2.7339583333333333,16.520215001028923,900
28,83,8.0,12.784166666666666,16.976591946615574,891
28,91,4.0,4.844791666666667,16.300739739096084,901
28,100,3.0,5.4037500000000005,16.270282722019488,900
28,105,8.0,7.263958333333333,16.364214377242146,881
28,107,2.0,10.03,16.806946247379884,891
28,108,2.0,9.646875000000001,16.658282562775682,900
28,110,4.0,5.763958333333333,16.642987288901942,900
28,111,4.0,7.512708333333333,16.547175592755323,881
28,112,5.0,11.897916666666667,16.853676021621713,900
28,113,7.0,9.745208333333332,16.534071545979213,900
28,120,8.0,11.351875,16.881729079011375,899
28,127,6.0,8.375833333333334,16.758905734932345,450
28,131,4.0,10.145416666666666,16.651371694741556,438
28,132,3.0,9.775625,16.568267251184473,450
28,133,3.0,12.42625,16.780782451179068,415
28,135,2.0,10.851875,16.706550152192747,433
28,141,4.0,7.126666666666667,16.526655679804175,450
28,146,5.0,9.374375,16.520452700930882,411
29,0,5.0,12.434375000000001,16.99588113645018,417
29,1,6.0,3.4104166666666664,16.3327902507685,436
29,5,5.0,9.683541666666667,16.69932535206216,449
29,6,4.0,9.819166666666666,16.687030048728083,453
29,7,6.0,5.505208333333334,16.10204399268761,901
29,8,6.0,15.889375,17.156893130887607,901
29,13,5.0,3.8925,16.214127564826917,845
29,14,7.0,6.474583333333333,16.88191627983861,893
29,19,7.0,9.245208333333334,16.82149625221669,901
29,22,6.0,12.24625,16.7759622749515,900
29,24,7.0,13.4575,17.1770247012331,877
29,29,6.0,7.64875,16.58353095760378,876
29,31,8.0,9.273333333333333,16.59353349273389,871
29,37,8.0,15.053749999999999,17.220892058237116,900
29,38,5.0,8.892291666666667,17.152039255570994,900
29,39,6.0,9.707708333333333,16.505131517768586,900
29,44,7.0,5.33,16.263263148092577,900
29,49,6.0,5.161666666666666,16.633479277106687,901
29,50,8.0,13.984374999999998,17.039280196864844,900
29,58,6.0,16.70875,17.331954046852488,901
29,59,7.0,6.375625,16.34925793353107,885
29,60,4.0,9.038333333333332,16.58708063456324,892
29,61,8.0,7.661041666666667,16.897051832729233,900
29,62,8.0,5.575208333333333,16.711409169805574,900
29,65,6.0,11.85625,16.72504612136432,878
29,66,8.0,13.076666666666666,17.083272142500935,901
29,69,6.0,9.995,16.82364690690471,871
29,71,6.0,6.331458333333333,16.729559037170173,900
29,75,5.0,12.293750000000001,17.22543812406644,900
29,76,7.0,3.1747916666666667,16.61252814916387,858
29,79,5.0,6.802708333333333,16.11045279293416,901
29,82,7.0,12.86,16.93377144732525,900
29,86,6.0,7.562916666666666,16.522002018185546,900
29,90,8.0,9.252083333333333,16.78033672398676,893
29,91,9.0,8.214583333333334,16.712529554927112,900
29,95,6.0,12.67125,16.73638753986043,900
29,98,6.0,5.320416666666667,15.937992602862725,900
29,101,7.0,6.4852083333333335,16.665904769514217,900
29,104,7.0,12.013124999999999,17.166364201787083,901
29,107,7.0,6.240208333333333,16.394859349203585,901
29,109,5.0,15.002291666666668,17.288661301780472,900
29,121,6.0,5.3308333333333335,16.44868428637112,870
29,122,7.0,5.352291666666667,15.800970465024355,900
29,128,4.0,4.828958333333333,16.320741425526435,888
29,134,9.0,15.522083333333333,16.82963781345982,900
29,140,8.0,11.456458333333334,17.08803981477578,890
29,142,5.0,2.9316666666666666,15.998703895038203,901
29,143,7.0,4.230625,16.401444341960485,901
29,145,8.0,14.180000000000001,17.270993635907235,900
29,149,6.0,2.222916666666667,15.734589989997664,900
30,0,5.0,7.096666666666667,16.840682905212542,451
30,1,6.0,7.546458333333334,16.431630441982545,441
30,2,7.0,8.948541666666667,17.050799462069943,451
30,3,8.0,7.617708333333334,16.443589941561346,444
30,4,7.0,13.22625,17.14516777586973,440
30,8,5.0,12.397291666666668,16.94856891330595,443
30,9,3.0,6.194375,16.892443973088692,440
30,11,6.0,3.8485416666666667,16.447523060632456,450
30,16,4.0,11.662916666666668,16.839104857962024,450
30,20,3.0,8.432083333333333,16.608870323744686,450
30,21,5.0,9.225833333333334,16.730681119762064,435
30,24,7.0,10.480208333333334,16.823834018708403,451
30,29,5.0,2.7514583333333333,15.464457328862235,450
30,31,8.0,11.885208333333333,16.618725405568007,450
30,33,6.0,8.869375,16.81655957306621,450
30,35,4.0,11.790625,17.29554421886122,451
30,39,7.0,11.795416666666666,16.82917734917441,451
30,40,3.0,8.217291666666666,16.45918690839616,422
30,42,6.0,4.762083333333333,16.048825443033948,451
30,52,7.0,6.433333333333334,16.265365960980247,451
30,54,2.0,2.6091666666666664,16.27166460315107,450
30,56,4.0,6.6779166666666665,16.49774662260782,450
30,57,1.0,4.740208333333333,15.918248363995037,450
30,58,5.0,10.107916666666666,17.153928699977005,443
30,66,8.0,11.70625,17.031979373023358,450
30,70,2.0,12.671458333333332,17.013592578908444,448
30,72,4.0,3.633541666666667,15.739840527644386,411
30,74,5.0,8.674791666666666,16.70939735929259,438
30,78,3.0,4.4314583333333335,15.978161555477637,450
30,81,8.0,8.788749999999999,16.516772576083426,450
30,83,4.0,1.5462500000000001,15.915293292271318,451
30,90,5.0,9.679166666666667,16.664643089791966,451
30,95,6.0,13.726458333333333,16.81366554465951,450
30,113,6.0,5.123541666666666,16.24602063197752,450
30,117,3.0,5.256666666666667,16.21042625470844,450
30,123,6.0,7.868333333333332,16.54904758293938,450
30,124,4.0,7.67625,16.227734390425894,450
30,125,4.0,7.307916666666666,16.49068835566176,445
30,127,9.0,6.737916666666667,16.027503504149454,450
30,128,2.0,3.9933333333333336,15.813747340338692,446
30,131,4.0,1.9879166666666666,15.682160514455756,450
30,132,3.0,6.76875,16.239862773008614,448
30,133,4.0,4.40125,15.868727243628905,451
30,135,7.0,8.981458333333334,16.295675733838763,451
30,139,5.0,11.827708333333334,17.167006928611865,443
30,141,3.0,4.511041666666666,16.158203313043973,451
30,142,3.0,3.905625,16.27991931642086,451
30,144,5.0,8.2875,16.793135076082383,451
30,148,8.0,6.0460416666666665,16.56800973404862,421
30,149,2.0,6.0304166666666665,16.175954641924367,450
